Name,Dept,Birth,Salary
DeEVtroB,g,1921,26016.56534572874
oFbTlHOe,c,1939,23575.47564723931
wWVRNKca,e,1990,69067.05696756952
ayskMccW,a,1958,36651.5419525738
alRjulnK,a,1945,88457.12160917376
wcuhgMpj,f,1948,44647.66207338369
tuRzWsqU,g,1959,26011.846421134876
SWPRvXes,b,1955,82914.42832097854
CSlRjMIy,c,1933,91451.42956081312
AOWZILZj,c,1924,99531.50143827334
vfHOqgiu,d,1967,97566.45994988235
CPeYjiXY,g,1937,45625.07449648775
mNTilxlL,d,1970,12462.670508687164
iMLahVrV,e,1916,11842.504461458642
UpBQZHOZ,g,1921,23947.656418454426
REpASVoh,e,1978,44545.832883738
VTGZZtuj,g,1932,87477.44693426194
jYpxAONB,e,1932,79274.89776374015
ZoihMzKi,e,1971,47126.77826337977
sbhRVolv,e,1995,68110.48840060574
UoYBNqMj,a,1977,80186.73355655628
ysQVNUqB,f,1984,41899.217999457236
KWKEQvKv,f,1935,10662.482200096902
zBxgcIea,b,1950,91734.41747745153
jXOHPTwi,c,1961,68106.51611305236
BQBCOFPh,e,1950,40807.347325417475
Czfgxfvd,d,1927,26787.187963518434
kAVwyDKW,d,1979,82488.92319940381
lemreZXq,d,1940,12178.250156916161
sthvCbCv,d,1996,44304.7547942268
QHWuCjTI,c,1989,85152.75876815601
mLempHmb,a,1975,28251.477888991092
zLPjkMlX,a,1987,61868.606788387326
sXMkJCAQ,c,1926,20896.21629390336
llRRRvEh,a,1905,32878.39727497066
iZfODUyZ,e,1996,92710.75615752228
tZmzPnBO,a,1985,35421.906290283776
ZISuQYqs,a,1927,34686.106510709695
qDBXgVzE,a,1990,16805.316131502244
gFtkcPlx,f,1907,33154.542515802226
rjHjxWpX,c,1975,83925.59281938989
xwlsjGjX,f,1933,20374.611224102147
fspOKFKy,e,1996,54606.49275198663
drtaUGcT,f,1908,17700.78245003301
AXRmGzlC,e,1996,10295.654279135244
klrSMqnQ,d,1934,66192.04867066976
AEipkwMR,g,1993,65045.04026696686
NhRKXHdS,d,1939,43038.55861171078
kzucoZGU,e,1945,12304.750959378727
pQzoCSrm,g,1983,43585.90963691422
QrTtduBE,e,1998,10006.403319674348
JIcYOofI,e,1960,51924.19912564027
zgmnzrLv,e,1939,16384.921768173306
VcjxZgXu,d,1938,25532.968818987407
QVojKeAp,b,1925,20539.59055987811
sucCAyyP,a,1904,96408.71730419881
YjRsylyx,b,1948,54937.743967571216
znflpfxt,e,1968,69325.8823896695
jFvkgyMV,b,1902,58697.190447316505
ntvQVMqv,e,1908,15329.70354465948
oPPXPFLT,e,1943,67914.11980924668
icslDRjW,b,1978,65154.200505023815
ZazyUlxB,g,1965,57036.32713434815
uPRTamuA,d,1992,64796.11071774166
UAmYzgCr,g,1975,85942.483429288
QAkoRENl,g,1932,31644.728986908387
eWTiWYFW,e,1984,80331.40769594691
XpvuVeMI,d,1906,66413.5350531222
xMGqvbwa,e,1953,25719.066933459384
zNFPqZiN,c,1905,66603.34481017798
lJDbmbmE,g,1999,81052.8721753995
ZqAOvVnh,e,1971,67887.79931377042
tjpJaUtv,e,1944,69846.04216155433
GIrkMPQs,f,1911,36400.57710544416
RYKZhLfE,d,1963,93385.17350701266
XliTKIVu,e,1936,59773.0917477486
jDrjeBJA,f,1982,78240.39649284777
MDaXBmxo,f,1907,88746.96739346276
IufSCIKK,a,1918,30562.372026141016
skftPXiN,d,1943,73251.42456670498
ogGvNzow,c,1921,31063.1530621399
mCsNoUTM,b,1984,61139.000424768674
PSKJZhtW,b,1975,25771.375271091103
NnUQOPsF,c,1955,77108.31292561378
wlDsQnJZ,d,1970,75720.25727884796
SdoauNEX,d,1976,63124.76080638276
hSMJfhtu,d,1958,65116.27437986923
RXfhvHbU,b,1906,32320.409179102382
sOmFsvrn,c,1906,72904.52512107411
wuaaEydc,a,1954,47275.037425646595
actVPizC,g,1958,79931.2388423805
brdiMOLX,a,1993,15507.395739952535
pBWXWKHT,a,1995,43049.91691474274
zAtWmvik,d,1953,93215.67144226785
tTCWDvys,e,1982,46870.95389272275
rYZnlfvA,d,1969,66449.6558372989
GtWhbFJq,g,1916,85189.56796171989
NnIFLTRY,g,1928,48230.27082189585
ZPlRoNqW,c,1936,81897.27296379377
qUchFncI,e,1934,54756.062275253506
